北京北,VAP,12
北京东,BOP,16
北京,BJP,10
北京南,VNP,12:30
北京西,BXP,08
广州南,IZQ,10
重庆北,CUW,11
重庆,CQW,11
重庆南,CRW,15:30
重庆西,CXW,11
广州东,GGQ,11:30
上海,SHH,14:30
上海南,SNH,14:30
上海虹桥,AOH,13:30
上海西,SXH,14:30
天津北,TBP,15
天津,TJP,15
天津南,TIP,13
天津西,TXP,15
香港西九龙,XJA,08
长春,CCT,12
长春南,CET,16:30
长春西,CRT,12
成都东,ICW,08:30
成都南,CNW,09
成都,CDW,09
成都西,CMW,09
长沙,CSQ,14:30
长沙南,CWQ,14:30
大明湖,JAK,14
福州,FZS,16
福州南,FYS,16
贵阳,GIW,10
广州,GZQ,11
广州西,GXQ,
哈尔滨,HBB,10
哈  尔  滨,BAI,
哈尔滨东,VBB,10
哈尔滨西,VAB,10
合肥,HFH,12:30
呼和浩特东,NDC,14
呼和浩特,HHC,14
海口东,HMQ,13:30
海口,VUQ,13:30
杭州东,HGH,10:30
杭州,HZH,10:30
杭州南,XHH,10:30
济南,JNK,14
济  南,EEI,
济南西,JGK,14
济  南西,EII,
昆明,KMM,14:30
昆明西,KXM,
拉萨,LSO,15
兰州东,LVJ,
兰州,LZJ,09
兰州西,LAJ,09
南昌,NCG,09:30
南京,NJH,08
南京南,NKH,08
南宁,NNZ,15
石家庄北,VVP,14
石家庄,SJP,14
蜀山东,HTH,12:30
沈阳,SYT,09:30
沈阳北,SBT,09
沈阳东,SDT,16:30
沈阳南,SOT,09:30
太原北,TBV,15
太原东,TDV,15
太原,TYV,14:30
武汉,WHN,13:30
王家营西,KNM,
乌鲁木齐,WAR,08:30
西安北,EAY,10:30
西安,XAY,11:30
西安南,CAY,18
西宁,XNO,15
银川,YIJ,10:30
郑州,ZZF,14
阿尔山,ART,16:30
安康,AKY,16
阿克苏,ASR,09
阿里河,AHX,16:30
阿拉山口,AKR,09
安平,APT,16:30
安庆,AQH,12:30
安顺,ASW,15:30
鞍山,AST,15:30
安阳,AYF,12
北安,BAB,16:30
蚌埠,BBH,18
白城,BCT,08:30
北海,BHZ,17:30
白河,BEL,16:30
宝鸡,BJY,12
白涧,BAP,16
滨江,BJB,11
博克图,BKX,16:30
百色,BIZ,17:30
白山市,HJL,15:30
北台,BTT,16:30
包头东,BDC,14:30
包头,BTC,14:30
北屯市,BXR,09
本溪,BXT,16:30
白云鄂博,BEC,15
白银西,BXJ,11:30
亳州,BZH,13
赤壁,CBN,18
常德,VGQ,16:30
承德,CDP,15:30
长甸,CDT,16:30
赤峰南,CFD,13
茶陵,CDG,17:30
苍南,CEH,09:30
昌平,CPP,16
崇仁,CRG,
昌图,CTT,16:30
长汀镇,CDB,16:30
曹县,CXK,18
楚雄南,COM,
陈相屯,CXT,16:30
长治北,CBF,17
池州,IYH,10
长征,CZJ,11:30
常州,CZH,17
郴州,CZQ,17:30
长治,CZF,17
沧州,COP,16
崇左,CZZ,17:30
大安北,RNT,16:30
大成,DCT,16:30
丹东,DUT,15:30
东方红,DFB,16:30
东莞东,DMQ,08:30
大虎山,DHD,16:30
敦化,DHL,16:30
敦煌,DHJ,10:30
德惠,DHT,16:30
东京城,DJB,16:30
大涧,DFP,
都江堰,DDW,15:30
大连北,DFT,13
大理,DKM,15
大连,DLT,13
定南,DNG,17:30
大庆,DZX,09
东胜,DOC,15
大石桥,DQT,16:30
大同,DTV,13:30
东营,DPK,18
大杨树,DUX,16:30
都匀,RYW,15:30
达州,RXW,13
邓州,DOF,17
德州,DZP,14:30
额济纳,EJC,15
二连,RLC,15
恩施,ESN,16:30
福鼎,FES,18
凤凰机场,FJQ,13:30
风陵渡,FLV,15
涪陵,FLW,15:30
富拉尔基,FRX,16:30
抚顺北,FET,15:30
佛山,FSQ,14
阜新南,FXD,15:30
阜阳,FYH,13
格尔木,GRO,15
广汉,GHW,15:30
古交,GJV,15
桂林北,GBZ,17
桂林,GLZ,17
古莲,GRX,16:30
固始,GXN,18
广水,GSN,15
干塘,GNJ,
广元,GYW,12:30
广州北,GBQ,11:30
赣州,GZG,15:30
公主岭,GLT,16:30
公主岭南,GBT,16:30
淮安,AUH,17
淮北,HRH,18
鹤北,HMB,16:30
淮滨,HVN,18
河边,HBV,15
韩城,HCY,17:30
潢川,KCN,15:30
邯郸,HDP,14:30
横道河子,HDB,16:30
鹤岗,HGB,16:30
皇姑屯,HTT,16:30
红果,HEM,15
黑河,HJB,16:30
怀化,HHQ,17
汉口,HKN,12
葫芦岛,HLD,16:30
海拉尔,HRX,16
霍林郭勒,HWD,16:30
海伦,HLB,16:30
侯马,HMV,15
哈密,HMR,09
淮南,HAH,13
桦南,HNB,16:30
海宁西,EUH,09:30
鹤庆,HQM,15
怀柔北,HBP,16
怀柔,HRP,16
黄石东,OSN,18
黄山,HKH,10
黄石,HSN,18
衡水,HSP,16
衡阳,HYQ,16
菏泽,HIK,16
贺州,HXZ,17:30
汉中,HOY,12:30
惠州,HCQ,08:30
吉安,VAG,15:30
集安,JAL,16:30
江边村,JBG,
晋城,JCF,17
金城江,JJZ,17:30
景德镇,JCG,17
嘉峰,JFF,17:30
加格达奇,JGX,09:30
井冈山,JGG,15:30
蛟河,JHL,16:30
金华南,RNH,12
金华,JBH,12
九江,JJG,11
吉林,JLL,13:30
荆门,JMN,17
佳木斯,JMB,15:30
佳  木  斯,BCI,
济宁,JIK,08:30
集宁南,JAC,15
酒泉,JQJ,11:30
江山,JUH,12
吉首,JIQ,17:30
九台,JTL,16:30
镜铁山,JVJ,11:30
鸡西,JXB,16:30
绩溪县,JRH,10
嘉峪关,JGJ,10:30
江油,JFW,15:30
蓟州北,JKP,16
锦州,JZD,08:30
金州,JZT,16:30
库尔勒,KLR,09
开封,KFF,15
岢岚,KLV,15
凯里,KLW,15:30
喀什,KSR,09
昆山南,KNH,16
奎屯,KTR,09
开原,KYT,16:30
六安,UAH,12:30
灵宝,LBF,17:30
芦潮港,UCH,18
陆川,LKZ,17:30
利川,LCN,16:30
临川,LCG,
隆昌,LCW,15:30
潞城,UTP,16
鹿道,LDL,16:30
娄底,LDQ,17
临汾,LFV,12
良各庄,LGP,
临河,LHC,15
漯河,LON,16:30
绿化,LWJ,11:30
隆化,UHP,16
龙井,LJL,16:30
丽江,LHM,15
临江,LQL,16:30
吕梁,LHV,15
醴陵,LLG,17:30
柳林南,LKV,15
滦平,UPP,16
六盘水,UMW,13:30
灵丘,LVV,15
旅顺,LST,16:30
陇西,LXJ,11:30
澧县,LEQ,17:30
兰溪,LWH,12
临西,UEP,
龙岩,LYS,17
耒阳,LYQ,17:30
洛阳,LYF,16
连云港东,UKH,17:30
洛阳东,LDF,16
临沂,LVK,16
洛阳龙门,LLF,16
凌源,LYD,16:30
柳园,DHR,09
辽源,LYL,16:30
柳州,LZZ,16
立志,LZX,
辽中,LZD,16:30
麻城,MCN,15
免渡河,MDX,16:30
牡丹江,MDB,15:30
牡  丹  江,BBI,
莫尔道嘎,MRX,16:30
满归,MHX,16:30
明光,MGH,18
漠河,MVX,09:30
茂名,MDQ,14
茂名西,MMZ,17:30
密山,MSB,16:30
马三家,MJT,16:30
麻尾,VAW,15:30
绵阳,MYW,12:30
孟塬,HSY,
梅州,MOQ,14
满洲里,MLX,16
宁波东,NVH,
宁波,NGH,09:30
南充,NCW,08:30
南岔,NCB,16:30
南丹,NDZ,17:30
南大庙,NMP,
南芬,NFT,16:30
讷河,NHX,09:30
内江,NJW,13
嫩江,NGX,16:30
南通,NUH,17
南阳,NFF,17
碾子山,NZX,16:30
平顶山,PEN,15:30
盘锦,PVD,15:30
平凉,PIJ,11:30
平凉南,POJ,
平泉,PQP,16
坪石,PSQ,14
凭祥,PXZ,17:30
萍乡,PXG,09
郫县西,PCW,15:30
攀枝花,PRW,14:30
蕲春,QRN,16:30
青城山,QSW,15:30
青岛,QDK,09:30
清河城,QYP,16
黔江,QNW,15:30
曲靖,QJM,15
前进镇,QEB,16:30
齐齐哈尔,QHX,09
七台河,QTB,16:30
沁县,QVV,15
泉州东,QRS,18
泉州,QYS,18
衢州,QEH,12
融安,RAZ,17:30
汝箕沟,RQJ,
瑞金,RJG,17:30
日照,RZK,08:30
双城堡,SCB,16:30
绥芬河,SFB,16
韶关东,SGQ,14
山海关,SHD,08:30
绥化,SHB,16:30
三间房,SFX,16:30
苏家屯,SXT,16:30
舒兰,SLL,16:30
神木南,OMY,17:30
三门峡,SMF,17:30
商南,ONY,18
遂宁,NIW,15
四平,SPT,16:30
商丘,SQF,15
上饶,SRG,17
韶山,SSQ,17:30
宿松,OAH,12:30
汕头,OTQ,08:30
邵武,SWS,18
涉县,OEP,16
三亚,SEQ,13:30
邵阳,SYQ,17
十堰,SNN,15
三元区,SMS,18
双鸭山,SSB,16:30
松原,VYT,08:30
宿州,OXH,18
苏州,SZH,16
深圳,SZQ,09
随州,SZN,17
朔州,SUV,15
深圳西,OSQ,09
塘豹,TBQ,
塔尔气,TVX,16:30
潼关,TGY,18
塘沽,TGP,16
塔河,TXX,16:30
通化,THL,15:30
泰来,TLX,16:30
吐鲁番,TFR,09
通辽,TLD,13
铁岭,TLT,16:30
陶赖昭,TPT,16:30
图们,TML,15:30
铜仁,RDQ,17:30
唐山北,FUP,16
田师府,TFT,16:30
泰山,TAK,16:30
天水,TSJ,11:30
唐山,TSP,15:30
通远堡,TYT,16:30
太阳升,TQT,16:30
泰州,UTH,17
通州西,TAP,16
武昌,WCN,12:30
五常,WCB,16:30
瓦房店,WDT,16:30
威海,WKK,10:30
芜湖,WHH,10
乌海西,WXC,15
吴家屯,WJT,16:30
乌鲁木齐南,WMR,08:30
武隆,WLW,15:30
乌兰浩特,WWT,08:30
渭南,WNY,18
威舍,WSM,15
歪头山,WIT,16:30
武威,WUJ,11:30
武威南,WWJ,11:30
无锡,WXH,16
乌西,WXR,09
乌伊岭,WPB,16:30
武夷山,WAS,18
万源,WYY,18
万州,WYW,15
梧州,WZZ,17:30
温州,RZH,09:30
温州南,VRH,09:30
西昌,ECW,14:30
许昌,XCF,13
西昌南,ENW,15:30
锡林浩特,XTC,15
厦门北,XKS,15
厦门,XMS,15
厦门高崎,XBS,15
宣威,XWM,15
新乡,XXF,12
信阳,XUN,15
咸阳,XYY,18
襄阳,XFN,16
熊岳城,XYT,16:30
新余,XUG,17:30
徐州,XCH,17:30
延安,YWY,15
宜宾,YBW,15:30
亚布力南,YWB,16:30
叶柏寿,YBD,16:30
宜昌东,HAN,14:30
盐城,AFH,17
运城,YNV,12
伊春,YCB,16:30
宜昌,YCN,14:30
榆次,YCV,15
杨村,YBP,16
伊尔施,YET,16:30
燕岗,YGW,15:30
延吉,YJL,15:30
永济,YIV,15
营口,YKT,16:30
牙克石,YKX,16:30
玉林,YLZ,17:30
榆林,ALY,16
阎良,YNY,18
亚龙湾,TWQ,13:30
一面坡,YPB,16:30
伊宁,YMR,09
阳平关,YAY,18
玉屏,YZW,15:30
原平,YPV,15
延庆,YNP,16
阳泉曲,YYV,15
阳泉,AQP,16
玉泉,YQB,16:30
玉山,YNG,17:30
营山,NUW,15:30
燕山,AOP,16
榆树,YRT,16:30
鹰潭,YTG,17
烟台,YAK,10:30
伊图里河,YEX,16:30
玉田县,ATP,16
义乌,YWH,12
阳新,YON,18
义县,YXD,16:30
益阳,AEQ,16:30
岳阳,YYQ,15:30
崖州,YUQ,13:30
扬州,YLH,17
永州,AOQ,17
淄博,ZBK,16:30
镇城底,ZDV,15
自贡北,ZGW,
珠海,ZHQ,14
珠海北,ZIQ,14
湛江,ZJZ,14
镇江,ZJH,17
张家界,DIQ,16:30
张家口,ZMP,15:30
周口,ZKN,15:30
扎兰屯,ZTX,16:30
驻马店,ZDN,15:30
肇庆,ZVQ,14
周水子,ZIT,16:30
昭通,ZDW,13
中卫,ZWJ,11:30
资阳,ZYW,15:30
遵义西,ZIW,
枣庄,ZEK,18
资中,ZZW,15:30
株洲,ZZQ,15:30
枣庄西,ZFK,18
昂昂溪,AAX,16:30
阿城,ACB,16:30
安达,ADX,16:30
安德,ARW,15:30
安定,ADP,
安多,ADO,15
安广,AGT,16:30
敖汉,YED,
艾河,AHP,
安化,PKQ,17:30
艾家村,AJJ,
阿金,AJD,16:30
安靖,PYW,15:30
安家,AJB,16:30
阿克陶,AER,09
安口窑,AYY,18
敖力布告,ALD,16:30
安龙,AUZ,17:30
阿龙山,ASX,16:30
安陆,ALN,18
阿木尔,JTX,16:30
阿南庄,AZM,
鞍山西,AXT,15:30
安塘,ATV,15
安亭北,ASH,14:30
阿图什,ATR,09
安图,ATL,16:30
安溪,AXS,18
博鳌,BWQ,13:30
白壁关,BGV,15
蚌埠南,BMH,18
巴楚,BCR,09
板城,BUP,
北戴河,BEP,16
保定,BDP,16
宝坻,BPP,16
八达岭,ILP,16
巴东,BNN,18
宝丰,BFF,15:30
柏果,BGM,15
布海,BUT,16:30
白河东,BIY,18
宝华山,BWH,17
白河县,BEY,18
白芨沟,BJJ,
碧鸡关,BJM,
北滘,IBQ,14
碧江,BLQ,14
白鸡坡,BBM,
笔架山,BSB,16:30
八角台,BTD,16:30
保康,BKD,16:30
白奎堡,BKB,16:30
白狼,BAT,16:30
百浪,BRZ,
博乐东,BOR,
巴林,BLX,16:30
北流,BOZ,17:30
勃利,BLB,16:30
宝林,BNB,16:30
布列开,BLR,09
宝龙山,BND,16:30
百里峡,AAP,18
八面城,BMD,16:30
班猫箐,BNM,
八面通,BMB,16:30
北马圈子,BRP,16
北票南,RPD,16:30
白旗,BQP,
宝泉岭,BQB,16:30
白泉,BQL,16:30
巴山,BAY,18
白水江,BSY,18
白沙坡,BPM,
白石山,BAL,16:30
白水镇,BUM,
包头 东,FDC,15
坂田,BTQ,
泊头,BZP,16
北屯,BYP,
本溪湖,BHT,16:30
博兴,BXK,18
八仙筒,VXD,16:30
白音察干,BYC,15
背荫河,BYB,16:30
北营,BIV,
巴彦高勒,BAC,15
白音他拉,BID,16:30
鲅鱼圈,BYT,16:30
白银市,BNJ,11:30
白音胡硕,BCD,16:30
巴中,IEW,15:30
霸州,RMP,16
北宅,BVP,
赤壁北,CIN,18
查布嘎,CBC,15
长城,CEJ,
长冲,CCM,
承德东,CCP,16
赤峰,CID,13
嵯岗,CAX,16:30
柴岗,CGT,16:30
长葛,CEF,13
柴沟堡,CGV,15
城固,CGY,18
陈官营,CAJ,
成高子,CZB,16:30
草海,WBW,15:30
册亨,CHZ,17:30
柴河,CHB,16:30
草河口,CKT,16:30
崔黄口,CHP,
巢湖,CIH,12:30
蔡家沟,CJT,16:30
成吉思汗,CJX,16:30
岔江,CAM,15
蔡家坡,CJY,18
昌乐,CLK,18
超梁沟,CYP,
慈利,CUQ,17:30
昌黎,CLP,16
长岭子,CLT,16:30
晨明,CMB,16:30
长农,CNJ,
昌平北,VBP,16
常平,DAQ,14
长坡岭,CPM,
辰清,CQB,16:30
蔡山,CON,
长寿,EFW,15:30
磁山,CSP,16
苍石,CST,16:30
草市,CSL,16:30
楚山,CSB,16:30
察素齐,CSC,15
长山屯,CVT,16:30
长汀,CES,18
朝天南,CTY,18
昌图西,CPT,16:30
春湾,CQQ,14
岑溪,CNZ,17:30
辰溪,CXQ,17:30
磁县,CIP,16
磁西,CRP,
长兴南,CFH,09:30
磁窑,CYK,18
春阳,CAL,16:30
城阳,CEK,18
朝阳川,CYL,16:30
创业村,CEX,
朝阳地,CDD,16:30
朝阳南,CYD,
长垣,CYF,17:30
朝阳镇,CZL,16:30
滁州北,CUH,18
常州北,ESH,17
滁州,CXH,18
潮州,CKQ,14
常庄,CVK,
曹子里,CFP,
车转湾,CWM,
郴州西,ICQ,17:30
沧州西,CBP,16
德安,DAG,17:30
大安,RAT,16:30
大坝,DBJ,
电白,NWQ,14
大板,DBC,15
到保,RBT,16:30
大巴,DBD,16:30
达坂城,DCR,09
定边,DYJ,11:30
东边井,DBB,16:30
德伯斯,RDT,16:30
打柴沟,DGJ,
德昌,DVW,15:30
滴道,DDB,16:30
大磴沟,DKJ,
刀尔登,DRD,16:30
得耳布尔,DRX,16:30
杜尔伯特,TKX,16:30
东方,UFQ,13:30
丹凤,DGY,18
东丰,DIL,16:30
都格,DMM,
大官屯,DTT,16:30
大关,RGW,15:30
东光,DGP,16
东海,DHB,16:30
大灰厂,DHP,
大红旗,DQD,16:30
大禾塘,SOQ,
东海县,DQH,17:30
德惠西,DXT,16:30
达家沟,DJT,16:30
东津,DKB,16:30
杜家,DJL,16:30
大口屯,DKP,
东来,RVD,16:30
德令哈,DHO,15
大林,DLD,16:30
带岭,DLB,16:30
达拉特旗,DIC,15
独立屯,DTX,
豆罗,DLV,15
达拉特西,DNC,15
大连西,GZT,
东明村,DMD,16:30
洞庙河,DEP,
东明县,DNF,17:30
大拟,DNZ,
大平房,DPD,16:30
大盘石,RPP,
大埔,DPI,14
大堡,DVT,16:30
大庆东,LFX,09
大其拉哈,DQX,
道清,DML,16:30
对青山,DQB,16:30
德清西,MOH,09:30
大庆西,RHX,09
东升,DRQ,14
砀山,DKH,17:30
独山,RWW,15:30
登沙河,DWT,16:30
读书铺,DPM,
大石头,DSL,16:30
东胜西,DYC,15
大石寨,RZT,16:30
东台,DBH,17
定陶,DQK,18
灯塔,DGT,16:30
大田边,DBM,
东通化,DTL,16:30
丹徒,RUH,17
大屯,DNT,16:30
东湾,DRJ,
大武口,DFJ,11:30
低窝铺,DWJ,11:30
大王滩,DZZ,
大湾子,DFM,
大兴沟,DXL,16:30
定西,DSJ,11:30
东乡,DXG,17:30
定襄,DXV,15
代县,DKV,15
大兴,DXX,16:30
甸心,DXM,15
东戌,RXP,
东辛庄,DXD,16:30
大雁,DYX,16:30
德阳,DYW,15:30
丹阳,DYH,17
当阳,DYN,18
丹阳北,EXH,17
大英东,IAW,15:30
东淤地,DBV,15
大营,DYV,15
定远,EWH,18
岱岳,RYV,15
大元,DYZ,
大营子,DZD,16:30
大营镇,DJP,16
大战场,DTJ,
德州东,DIP,14:30
东至,DCH,10
兑镇,DWV,15
道州,DFZ,17:30
低庄,DVQ,17:30
东镇,DNV,15
东庄,DZV,15
定州,DXP,16
豆庄,ROP,
大竹园,DZY,18
大杖子,DAP,
豆张庄,RZP,
峨边,EBW,15:30
二道沟门,RDP,
二道湾,RDX,16:30
鄂尔多斯,EEC,15
二龙,RLD,16:30
二龙山屯,ELA,16:30
峨眉,EMW,15:30
二密河,RML,16:30
恩平,PXQ,14
二营,RYJ,
鄂州,ECN,18
福安,FAS,18
丰城,FCG,17:30
丰城南,FNG,17:30
肥东,FIH,12:30
发耳,FEM,15
福海,FHR,09
富海,FHX,16:30
凤凰城,FHT,16:30
汾河,FEV,15
奉化,FHH,09:30
富锦,FIB,16:30
范家屯,FTT,16:30
福利区,FLJ,09
福利屯,FTB,16:30
丰乐镇,FZB,16:30
阜南,FNH,13
阜宁,AKH,17
抚宁,FNP,16
福清,FQS,18
福泉,VMW,15:30
丰水村,FSJ,
丰顺,FUQ,14
繁峙,FSV,15
抚顺,FST,16:30
福山口,FKP,
扶绥,FSZ,17:30
冯屯,FTX,16:30
浮图峪,FYP,
富县东,FDY,18
凤县,FXY,18
费县,FXK,16
富县,FEY,18
肥西,FAH,12:30
汾阳,FAV,15
凤阳,FUH,18
扶余北,FBT,16:30
分宜,FYG,17:30
扶余,FYT,16:30
富源,FYM,15
富裕,FYX,16:30
抚州北,FBG,
丰镇,FZC,15
范镇,VZK,
凤州,FZY,18
广安,VJW,15
固安,GFP,16
高碑店,GBP,16
沟帮子,GBD,16:30
甘草店,GDJ,
谷城,GCN,18
藁城,GEP,16
高村,GCV,15
古城镇,GZB,16:30
广德,GRH,10
贵定,GTW,15:30
古东,GDV,15
贵港,GGZ,17:30
官高,GVP,
葛根庙,GGT,16:30
干沟,GGL,16:30
甘谷,GGJ,11:30
高各庄,GGP,
根河,GEX,16:30
甘河,GAX,16:30
郭家店,GDT,16:30
孤家子,GKT,16:30
古浪,GLJ,11:30
皋兰,GEJ,11:30
高楼房,GFM,
归流河,GHT,16:30
关林,GLF,16
甘洛,VOW,15:30
郭磊庄,GLP,16
高密,GMK,18
公庙子,GMC,15
工农湖,GRT,16:30
广宁寺南,GNT,
广南卫,GNM,
高平,GPF,17
甘泉北,GEY,18
共青城,GAG,17:30
甘旗卡,GQD,16:30
甘泉,GQY,18
高桥镇,GZD,16:30
灌水,GST,16:30
孤山口,GSP,
果松,GSL,16:30
嘎什甸子,GXD,16:30
高山子,GSD,16:30
高台,GTJ,11:30
高滩,GAY,18
古田,GTS,18
官厅,GTP,16
官厅西,KEP,16
贵溪,GXG,17:30
涡阳,GYH,18
巩义,GXF,17:30
高邑,GIP,16
广元南,GAW,15:30
巩义南,GYF,17:30
固原,GUJ,11:30
菇园,GYL,16:30
公营子,GYD,16:30
光泽,GZS,18
古镇,GNQ,14
固镇,GEH,18
瓜州,GZJ,11:30
虢镇,GZY,18
高州,GSQ,14
盖州,GXT,16:30
官字井,GOT,16:30
冠豸山南,GSS,
盖州西,GAT,16:30
海安,HIH,17
淮安南,AMH,
红安,HWN,18
红安西,VXN,18
黄柏,HBL,16:30
海北,HEB,16:30
鹤壁,HAF,17:30
会昌北,XEG,
合川,WKW,15:30
华城,VCQ,14
河唇,HCZ,17:30
汉川,HCN,18
海城,HCT,16:30
黑冲滩,HCJ,
黄村,HCP,16
海城西,HXT,16:30
化德,HGC,15
洪洞,HDV,15
霍尔果斯,HFR,09
横峰,HFG,17:30
韩府湾,HXJ,
汉沽,HGP,16
黄瓜园,HYM,
红光镇,IGW,15:30
浑河,HHT,16:30
红花沟,VHD,16:30
黄花筒,HUD,16:30
贺家店,HJJ,
和静,HJR,09
涵江,HJS,18
获嘉,HJF,17:30
河津,HJV,15
黑井,HIM,15
红江,HFM,
华家,HJT,16:30
杭锦后旗,HDC,15
河间西,HXP,
花家庄,HJM,
河口南,HKJ,11:30
黄口,KOH,17:30
湖口,HKG,17:30
呼兰,HUB,16:30
葫芦岛北,HPD,16:30
浩良河,HHB,16:30
哈拉海,HIT,16:30
黄陵,ULY,18
寒岭,HAT,16:30
鹤立,HOB,16:30
海林,HRB,16:30
桦林,HIB,16:30
虎林,VLB,16:30
和龙,HLL,16:30
海龙,HIL,16:30
哈拉苏,HAX,16:30
呼鲁斯太,VTJ,
火连寨,HLT,16:30
黄梅,VEH,12:30
韩麻营,HYP,
黄泥河,HHL,16:30
海宁,HNH,09:30
怀宁,APH,12:30
惠农,HMJ,11:30
和平,VAQ,14
花棚子,HZM,
花桥,VQH,16
宏庆,HEY,18
怀仁,HRV,15
华容,HRN,18
华山北,HDY,18
黄松甸,HDL,16:30
和什托洛盖,VSR,09
汉寿,VSQ,17:30
惠山,VCH,16
衡山,HSQ,17:30
黑水,HOT,16:30
红山,VSB,16:30
虎什哈,HHP,16
红寺堡,HSJ,11:30
虎石台,HUT,16:30
海石湾,HSO,15
红砂岘,VSJ,
衡山西,HEQ,17:30
桓台,VTK,
黑台,HQB,16:30
和田,VTR,09
会同,VTQ,17:30
海坨子,HZT,16:30
黑旺,HWK,
海湾,RWH,18
徽县,HYY,18
红星,VXB,16:30
红兴隆,VHB,16:30
红岘台,HTJ,
换新天,VTB,16:30
红彦,VIX,16:30
海晏,HFO,
合阳,HAY,18
衡阳东,HVQ,16
华蓥,HUW,15:30
汉阴,HQY,18
黄羊滩,HGJ,
汉源,WHW,15:30
河源,VIQ,14
花园,HUN,18
湟源,HNO,15
黄羊镇,HYJ,
湖州,VZH,09:30
黄州,VON,18
化州,HZZ,17:30
霍州,HZV,15
惠州西,VXQ,14
巨宝,JRT,16:30
靖边,JIY,18
金宝屯,JBD,16:30
晋城北,JEF,17
交城,JNV,15
金昌,JCJ,11:30
建昌,JFD,16:30
鄄城,JCK,18
峻德,JDB,16:30
井店,JFP,16
鸡东,JOB,16:30
江都,UDH,17
鸡冠山,JST,16:30
金沟屯,VGP,
静海,JHP,16
金河,JHX,16:30
精河,JHR,09
锦河,JHB,16:30
精河南,JIR,09
建湖,AJH,17
江华,JHZ,17:30
纪家沟,VJD,16:30
晋江,JJS,18
锦界,JEY,18
姜家,JJB,16:30
金坑,JKT,16:30
芨岭,JLJ,
金马村,JMM,
江门东,JWQ,14
角美,JES,18
江门,JOQ,14
莒南,JOK,16
井南,JNP,16
建瓯,JVS,18
经棚,JPC,15
金普,PWT,16:30
江桥,JQX,16:30
九三,SSX,16:30
金山北,EGH,09:30
建始,JRN,18
嘉善,JSH,18
京山,JCN,18
稷山,JVV,15
吉舒,JSL,16:30
甲山,JOP,
建设,JET,16:30
建三江,JIB,16:30
嘉善南,EAH,09:30
金山屯,JTB,16:30
江所田,JOM,15
景泰,JTJ,11:30
九台南,JNL,16:30
吉文,JWX,16:30
介休,JXV,15
莒县,JKK,18
嘉祥,JUK,18
嘉兴,JXH,09:30
进贤,JUG,17:30
井陉,JJP,16
嘉兴南,EPH,09:30
夹心子,JXT,16:30
建阳,JYS,18
姜堰,UEH,17
简阳,JYW,15:30
巨野,JYK,18
揭阳南,JRQ,14
江永,JYZ,17:30
缙云,JYH,09:30
靖远,JYJ,11:30
江源,SZL,16:30
济源,JYF,17:30
靖远西,JXJ,
胶州北,JZK,18
焦作东,WEF,17:30
金寨,JZH,12:30
荆州,JBN,17
靖州,JEQ,17:30
胶州,JXK,18
晋州,JXP,16
蓟州,JIP,
锦州南,JOD,08:30
焦作,JOF,17:30
旧庄窝,JVP,
金杖子,JYD,16:30
开安,KAT,16:30
库车,KCR,09
康城,KCP,16
库都尔,KDX,16:30
宽甸,KDT,16:30
克东,KOB,16:30
昆都仑召,KDC,
开江,KAW,15:30
康金井,KJB,16:30
喀喇其,KQX,
开鲁,KLC,15
克拉玛依,KHR,09
开平南,PVQ,14
口前,KQL,16:30
昆山,KSH,16
奎山,KAB,16:30
克山,KSB,16:30
康熙岭,KXZ,
昆阳,KAM,15
克一河,KHX,16:30
开原西,KXT,16:30
康庄,KZP,16
来宾,UBZ,17:30
老边,LLT,16:30
灵宝西,LPF,17:30
洛川东,LRY,18
龙川,LUQ,14
乐昌,LCQ,14
聊城,UCK,18
黎城,UCP,16
蓝村,LCK,18
两当,LDY,18
林东,LRC,15
乐都,LDO,15
梁底下,LDP,
六道河子,LVP,
廊坊,LJP,16
鲁番,LVM,15
落垡,LOP,
廊坊北,LFP,16
老府,UFD,16:30
兰岗,LNB,16:30
龙骨甸,LGM,
龙沟,LGJ,
芦沟,LOM,
拉古,LGB,16:30
临海,UFH,09:30
凌海,JID,16:30
拉哈,LHX,16:30
林海,LXX,16:30
柳河,LNL,16:30
六合,KLH,
龙华,LHP,16
滦河沿,UNP,
六合镇,LEX,16:30
亮甲店,LRT,16:30
刘家店,UDT,16:30
刘家河,LVT,16:30
廉江,LJZ,17:30
罗江,LJW,15:30
两家,UJT,16:30
李家,LJB,16:30
龙江,LJX,16:30
连江,LKS,18
庐江,UJH,12:30
龙嘉,UJL,16:30
莲江口,LHB,16:30
蔺家楼,ULK,
李家坪,LIJ,
兰考,LKF,15
林口,LKB,16:30
路口铺,LKQ,17:30
老莱,LAX,16:30
临澧,LWQ,17:30
陆良,LRM,15
零陵,UWZ,17:30
龙里,LLW,15:30
兰棱,LLB,16:30
拉林,LAB,16:30
卢龙,UAP,16
喇嘛甸,LMX,
里木店,LMB,16:30
洛门,LMJ,
龙南,UNG,17:30
梁平,UQW,15:30
罗平,LPM,15
落坡岭,LPP,
临平南,EVH,
六盘山,UPJ,
乐平市,LPG,17:30
临清,UQK,18
龙泉寺,UQJ,
乐山北,UTW,15:30
乐善村,LUM,
冷水江东,UDQ,17:30
连山关,LGT,16:30
流水沟,USP,
丽水,USH,12
灵石,LSV,15
陵水,LIQ,13:30
罗山,LRN,18
露水河,LUL,16:30
鲁山,LAF,17:30
庐山,LSG,17:30
梁山,LMK,18
林盛堡,LBT,
柳树屯,LSD,16:30
龙山镇,LAS,18
梨树镇,LSB,16:30
李石寨,LET,16:30
轮台,LAR,09
黎塘,LTZ,17:30
芦台,LTP,16
龙塘坝,LBM,
临潼,LIY,
濑湍,LVZ,17:30
骆驼巷,LTJ,
李旺,VLJ,
莱芜东,LWK,18
狼尾山,LRJ,
灵武,LNJ,11:30
莱芜西,UXK,
芦溪,LUG,17:30
陇县,LXY,18
临湘,LXQ,17:30
林西,LXC,15
滦县,UXP,16
朗乡,LXB,16:30
良乡,LAP,16
莱西南,LXK,10:30
略阳,LYY,18
莱阳,LYK,10:30
辽阳,LYT,16:30
凌源东,LDD,16:30
临沂东,UYK,16
连云港,UIH,17:30
老营,LXL,16:30
临颍,LNF,17:30
龙游,LMH,12
涟源,LAQ,17:30
涞源,LYP,16
林源,LYX,16:30
罗源,LVS,18
耒阳西,LPQ,17:30
临泽,LEJ,11:30
龙爪沟,LZT,16:30
雷州,UAQ,14
来舟,LZS,18
六枝,LIW,15:30
龙镇,LZA,16:30
拉鲊,LEM,
鹿寨,LIZ,17:30
兰州新区,LQJ,09
马鞍山,MAH,10
毛坝,MBY,18
毛坝关,MGY,18
麻城北,MBN,15
渑池,MCF,17:30
明城,MCL,16:30
庙城,MAP,
渑池南,MNF,17:30
茅草坪,KPM,15
猛洞河,MUQ,17:30
磨刀石,MOB,16:30
弥渡,MDF,
帽儿山,MRB,16:30
明港,MGN,18
梅河口,MHL,16:30
马皇,MHZ,
孟家岗,MGB,16:30
美兰,MHQ,13:30
汨罗东,MQQ,17:30
马莲河,MHB,16:30
庙岭,MLL,16:30
茅岭,MLZ,
麻柳,MLY,18
马林,MID,16:30
茂林,MLD,16:30
穆棱,MLB,16:30
马龙,MGM,
木里图,MUD,16:30
汨罗,MLQ,17:30
玛纳斯湖,MNR,09
冕宁,UGW,15:30
沐滂,MPQ,
马桥河,MQB,16:30
闽清,MQS,18
民权,MQF,15
眉山,MSW,15:30
明水河,MUT,16:30
麻山,MAB,16:30
米沙子,MST,16:30
茂舍祖,MOM,
马踏,PWQ,14
勉县,MVY,18
美溪,MEB,16:30
麻阳,MVQ,17:30
密云北,MUP,16
米易,MMW,15:30
墨玉,MUR,09
麦园,MYS,
庙庄,MZJ,
米脂,MEY,18
明珠,MFQ,14
宁安,NAB,16:30
农安,NAT,16:30
南博山,NBK,
南仇,NCK,18
南城司,NSP,
宁村,NCZ,
宁德,NES,18
南观村,NGP,
南宫东,NFP,16
南关岭,NLT,16:30
宁国,NNH,10
宁海,NHH,09:30
南华北,NHM,
南河川,NHJ,
泥河子,NHD,16:30
南靖,NJS,18
宁家,NVT,16:30
能家,NJD,16:30
牛家,NJB,16:30
南口,NKP,16
南口前,NKT,16:30
南朗,NNQ,14
乃林,NLD,16:30
尼勒克,NIR,09
那罗,ULZ,
宁陵县,NLF,15
奈曼,NMD,16:30
宁明,NMZ,17:30
南木,NMX,16:30
那铺,NPZ,
南桥,NQD,16:30
那曲,NQO,15
暖泉,NQJ,
南台,NTT,16:30
南头,NOQ,14
宁武,NWV,15
南湾子,NWP,
南翔北,NEH,14:30
内乡,NXF,17:30
宁乡,NXQ,17:30
牛心台,NXT,16:30
南峪,NUP,16
娘子关,NIP,16
南召,NAF,17:30
南杂木,NZT,16:30
蓬安,PAW,15:30
平安,PAL,16:30
平安驿,PNO,15
磐安镇,PAJ,
平安镇,PZT,16:30
蒲城东,PEY,18
蒲城,PCY,18
裴德,PDB,16:30
偏店,PRP,
坡底下,PXJ,
瓢儿屯,PRT,16:30
平房,PFB,16:30
平岗,PGL,16:30
平果,PGZ,17:30
平关,PGM,15
盘关,PAM,15
徘徊北,PHP,
平河口,PHM,
平湖,PHQ,14
盘锦北,PBD,15:30
潘家店,PDP,16
皮口南,PKT,
普兰店,PLT,16:30
偏岭,PNT,16:30
彭山,PSW,15:30
皮山,PSR,09
彭水,PHW,15:30
平社,PSV,15
磐石,PSL,16:30
平山,PSB,16:30
平台,PVT,16:30
莆田,PTS,18
平田,PTM,15
葡萄菁,PTW,
平旺,PWV,15
平型关,PGV,15
蓬溪,KZW,15:30
普雄,POW,15:30
郫县,PWW,15:30
平遥,PYV,15
彭阳,PYJ,
平阳,ARH,09:30
平洋,PYX,16:30
平邑,PIK,16
平原堡,PPJ,
平原,PYK,18
平峪,PYP,
平庄北,PZD,16:30
彭泽,PZG,17:30
邳州,PJH,17:30
泡子,POD,16:30
平庄南,PND,16:30
乾安,QOT,16:30
迁安,QQP,16
庆安,QAB,16:30
祁东北,QRQ,
七甸,QDM,
曲阜东,QAK,16:30
庆丰,QFT,16:30
奇峰塔,QVP,
曲阜,QFK,16:30
琼海,QYQ,13:30
秦皇岛,QTP,15:30
千河,QUY,18
清河,QIP,16
清河门,QHD,16:30
清华园,QHP,16
全椒,INH,12:30
渠旧,QJZ,17:30
潜江,QJN,17
秦家,QJB,16:30
祁家堡,QBT,16:30
清涧县,QNY,18
秦家庄,QZV,15
七里河,QLD,16:30
渠黎,QLZ,17:30
秦岭,QLY,18
青龙,QIB,16:30
青龙山,QGH,18
祁门,QIH,10
前磨头,QMP,16
清水,QUJ,11:30
前山,QXQ,14
确山,QSN,18
青山,QSB,16:30
戚墅堰,QYH,17
青田,QVH,12
桥头,QAT,16:30
青铜峡,QTJ,11:30
前卫,QWD,16:30
前苇塘,QWP,
祁县,QXV,15
渠县,QRW,15:30
青县,QXP,16
桥西,QXJ,
清徐,QUV,15
旗下营,QXC,15
泉阳,QYL,16:30
千阳,QOY,18
沁阳,QYF,17:30
祁阳北,QVQ,
七营,QYJ,
庆阳山,QSJ,
清远,QBQ,14
清原,QYT,16:30
钦州东,QDZ,17:30
钦州,QRZ,17:30
青州市,QZK,18
瑞安,RAH,09:30
瑞昌,RCG,17:30
如皋,RBH,17
容桂,RUQ,14
任丘,RQP,16
融水,RSZ,17:30
乳山,ROK,18
热水,RSD,16:30
容县,RXZ,17:30
饶阳,RVP,16
汝阳,RYF,17:30
绕阳河,RHD,16:30
汝州,ROF,17:30
石坝,OBJ,
上板城,SBP,16
施秉,AQW,15:30
上板城南,OBP,16
世博园,ZWT,16:30
双城北,SBB,16:30
舒城,OCH,12:30
莎车,SCR,09
商城,SWN,18
顺昌,SCS,18
神池,SMV,15
沙城,SCP,16
石城,SCT,16:30
山城镇,SCL,16:30
山丹,SDJ,11:30
绥德,ODY,18
顺德,ORQ,14
水洞,SIL,16:30
商都,SXC,15
十渡,SEP,16
四道湾,OUD,16:30
顺德学院,OJQ,14
双丰,OFB,16:30
四方台,STB,16:30
水富,OTW,15:30
三关口,OKJ,
桑根达来,OGC,15
韶关,SNQ,14
上高镇,SVK,
沙海,SED,16:30
上杭,JBS,18
蜀河,SHY,18
松河,SBM,15
沙河,SHP,16
沙河口,SKT,16:30
赛汗塔拉,SHC,15
沙后所,SSD,16:30
沙河市,VOP,16
山河屯,SHL,16:30
三河县,OXP,16
四合永,OHD,16:30
石河子,SZR,09
双河镇,SEL,16:30
三汇镇,OZW,15:30
三合庄,SVP,
三家店,ODP,16
松江河,SJL,16:30
沈家河,OJJ,
水家湖,SQH,13
双吉,SML,
尚家,SJB,16:30
松江,SAH,18
孙家,SUB,16:30
沈家,OJB,16:30
三江口,SKD,16:30
司家岭,OLK,
松江南,IMH,09:30
石景山南,SRP,16
邵家堂,SJJ,
三江县,SOZ,17:30
松江镇,OZL,16:30
三家寨,SMM,15
十家子,SJD,
深井子,SWT,16:30
施家嘴,SHM,
什里店,OMP,
疏勒,SUR,09
舍力虎,VLD,16:30
疏勒河,SHJ,11:30
双辽,ZJD,16:30
石岭,SOL,16:30
石磷,SPB,16:30
绥棱,SIB,16:30
石林,SLM,15
石林南,LNM,
石龙,SLQ,
萨拉齐,SLC,15
商洛,OLY,18
索伦,SNT,16:30
沙岭子,SLP,16
石门县北,VFQ,17:30
三门峡南,SCF,17:30
三门县,OQH,09:30
石门县,OMQ,
神木西,OUY,17:30
三门峡西,SXF,17:30
肃宁,SYP,16
宋,SOB,16:30
双牌,SBZ,17:30
沙坪坝,CYW,11
四平东,PPT,16:30
遂平,SON,18
沙坡头,SFJ,
沙桥,SQM,
商丘南,SPF,15
水泉,SID,16:30
石泉县,SXY,18
石桥子,SQT,16:30
石人城,SRB,16:30
石人,SRL,16:30
鄯善,SSR,09
三水,SJQ,14
泗水,OSK,18
松树,SFT,16:30
山市,SQB,16:30
神树,SWB,16:30
石山,SAD,16:30
首山,SAT,16:30
三十家,SRD,16:30
三十里堡,SST,16:30
双水镇,PQQ,14
松树镇,SSL,16:30
松桃,MZQ,17:30
索图罕,SHX,
三堂集,SDH,13
神头,SEV,15
石头,OTB,16:30
沙沱,SFM,
上万,SWP,
沙湾市,SXR,
孙吴,SKB,16:30
遂溪,SXZ,17:30
石岘,SXL,16:30
沙县,SAS,
绍兴,SOH,09:30
歙县,OVH,10
上西铺,SXM,
石峡子,SXJ,
沭阳,FMH,17
寿阳,SYV,15
绥阳,SYB,16:30
水洋,OYP,
三阳川,SYJ,
上腰墩,SPJ,
三营,OEJ,
顺义,SOP,16
三义井,OYD,16:30
三源浦,SYL,16:30
上园,SUD,16:30
上虞,BDH,09:30
三原,SAY,18
水源,OYJ,
桑园子,SAJ,
绥中北,SND,16:30
苏州北,OHH,16
宿州东,SRH,18
深圳东,BJQ,09
孙镇,OZY,18
绥中,SZD,16:30
深州,OZP,16
师庄,SNM,
尚志,SZB,16:30
松滋,SIN,18
师宗,SEM,15
苏州园区,KAH,16
苏州新区,ITH,16
泰安,TMK,16:30
台安,TID,16:30
通安驿,TAJ,
桐柏,TBF,17:30
通北,TBB,16:30
桐城,TTH,12:30
郯城,TZK,18
铁厂,TCL,16:30
汤池,TCX,16:30
桃村,TCK,10:30
通道,TRQ,17:30
田东,TDZ,17:30
天岗,TGL,16:30
土贵乌拉,TGC,15
通沟,TOL,16:30
太谷,TGV,15
塔哈,THX,16:30
棠海,THM,
泰和,THG,17:30
唐河,THF,17:30
太湖,TKH,12:30
团结,TIX,16:30
谭家井,TNJ,11:30
陶家屯,TOT,16:30
唐家湾,PDQ,14
统军庄,TZP,
吐列毛杜,TMD,16:30
图里河,TEX,16:30
铜陵,TJH,10
亭亮,TIZ,17:30
田林,TFZ,17:30
铁力,TLB,16:30
铁岭西,PXT,16:30
图们北,QSL,15:30
天门,TMN,18
天门南,TNN,17
太姥山,TLS,18
土牧尔台,TRC,15
土门子,TCJ,
潼南,TVW,15:30
洮南,TVT,16:30
太平川,TIT,16:30
太平镇,TEB,16:30
台前,TTK,18
图强,TQX,16:30
天桥岭,TQL,16:30
土桥子,TQJ,
汤山城,TCT,16:30
台山,PUQ,14
桃山,TAB,16:30
塔石嘴,TIM,
通途,TUT,16:30
汤旺河,THB,16:30
同心,TXJ,11:30
桐乡,TCH,09:30
土溪,TSW,15:30
田阳,TRZ,17:30
汤阴,TYF,17:30
天义,TND,16:30
驼腰岭,TIL,16:30
太阳山,TYJ,11:30
通榆,KTT,16:30
汤原,TYB,16:30
塔崖驿,TYP,
滕州东,TEK,18
滕州,TXK,18
天祝,TZJ,11:30
天镇,TZV,15
桐子林,TEW,15:30
天柱山,QWH,12:30
台州西,TZH,
武安,WAP,16
文安,WBP,16
王安镇,WVP,
吴堡,WUY,18
旺苍,WEW,15:30
五叉沟,WCT,16:30
文昌,WEQ,13:30
温春,WDB,16:30
五大连池,WRB,16:30
文登,WBK,10:30
五道沟,WDL,16:30
五道河,WHP,
文地,WNZ,17:30
卫东,WVT,16:30
武当山,WRN,18
望都,WDP,16
乌尔旗汗,WHX,16:30
潍坊,WFK,16:30
万发屯,WFB,16:30
王府,WUT,16:30
瓦房店西,WXT,16:30
王岗,WGB,16:30
湾沟,WGL,16:30
武功,WGY,18
吴官田,WGM,
乌海,WVC,15
苇河,WHB,16:30
卫辉,WHF,17:30
吴家川,WCJ,
威箐,WAM,15
午汲,WJP,
渭津,WJL,16:30
五家,WUB,16:30
王家湾,WJJ,
倭肯,WQB,16:30
五棵树,WKT,16:30
五龙背,WBT,16:30
万乐,WEB,16:30
瓦拉干,WVX,
温岭,VHH,09:30
五莲,WLK,18
乌拉特前旗,WQC,15
卧里屯,WLX,16:30
渭南北,WBY,18
乌奴耳,WRX,16:30
万宁,WNQ,13:30
万年,WWG,17:30
渭南南,WVY,18
渭南镇,WNJ,11:30
沃皮,WPT,16:30
汪清,WQL,16:30
吴桥,WUP,16
武清,WWP,16
文水,WEV,15
武山,WSJ,11:30
魏善庄,WSP,
王瞳,WTP,16
五台山,WSV,15
王团庄,WZJ,
五五,WVR,09
无锡东,WGH,16
武乡东,WVV,15
闻喜,WXV,15
卫星,WVB,16:30
无锡新区,IFH,16
武穴,WXN,18
吴圩,WYZ,
王杨,WYB,
武义,RYH,09:30
五营,WWB,16:30
瓦窑田,WIM,
五原,WYC,15
苇子沟,WZL,16:30
韦庄,WZY,18
五寨,WZV,15
王兆屯,WZB,16:30
魏杖子,WKD,16:30
微子镇,WQP,
新安,EAM,
兴安,XAZ,
新安县,XAF,16
新保安,XAP,
下板城,EBP,16
西八里,XLP,
宣城,ECH,10
兴城,XCD,16:30
小村,XEM,
新绰源,XRX,16:30
下城子,XCB,16:30
新城子,XCT,16:30
喜德,EDW,15:30
小得江,EJM,
西大庙,XMP,
小董,XEZ,
小东,XOD,
香坊,XFB,10
信丰,EFG,17:30
襄汾,XFV,15
息烽,XFW,15:30
新干,EGG,17:30
孝感,XGN,18
轩岗,XGV,15
西固城,XUJ,
兴国,EUG,17:30
西固,XIJ,09
夏官营,XGJ,11:30
西岗子,NBB,16:30
宣汉,XHY,18
新和,XIR,09
宣和,XWJ,
襄河,XXB,16:30
斜河涧,EEP,
新华屯,XAX,16:30
新会,EFQ,14
新华,XHB,16:30
新化,EHQ,17:30
新晃,XLQ,17:30
宣化,XHP,16
兴和西,XEC,15
小河沿,XYD,16:30
下花园,XYP,16
小河镇,EKY,18
徐家店,HYK,10:30
峡江,EJG,17:30
新绛,XJV,15
新江,XJM,
辛集,ENP,16
徐家,XJB,16:30
西街口,EKM,
许家屯,XJT,16:30
许家台,XTJ,
谢家镇,XMT,16:30
兴凯,EKB,16:30
小榄,EAQ,14
香兰,XNB,16:30
兴隆店,XDD,16:30
新乐,ELP,16
新李,XLJ,
西柳,GCT,16:30
西林,XYB,16:30
新林,XPX,16:30
仙林,XPH,17
小岭,XLB,16:30
新立屯,XLD,16:30
兴隆县,EXP,16
新立镇,XGT,16:30
兴隆镇,XZB,16:30
新民,XMD,16:30
西麻山,XMB,16:30
下马塘,XAT,16:30
孝南,XNV,15
咸宁北,XRN,18
兴宁,ENQ,14
咸宁,XNN,18
犀浦东,XAW,15:30
兴平,XPY,18
西平,XPN,18
新坪田,XPM,
霞浦,XOS,18
溆浦,EPQ,17:30
犀浦,XIW,15:30
新邱,XQD,16:30
新青,XQB,16:30
兴泉堡,XQJ,
仙人桥,XRL,16:30
小寺沟,ESP,16
浠水,XZN,18
秀山,ETW,15:30
杏树,XSB,16:30
夏石,XIZ,17:30
下社,XSV,15
徐水,XSP,16
小市,XST,16:30
小哨,XAM,
新松浦,XOB,16:30
杏树屯,XDT,16:30
许三湾,XSJ,
湘潭,XTQ,17:30
邢台,XTP,16
向塘,XTG,17:30
仙桃西,XAN,18
下台子,EIP,16
徐闻,XJQ,14
新窝铺,EPD,16:30
修武,XWF,17:30
孝西,XOV,15
新县,XSN,18
息县,ENN,18
西乡,XQY,18
湘乡,XXQ,17:30
西峡,XIF,17:30
小新街,XXM,15
新兴县,XGQ,14
西小召,XZC,15
小西庄,XXP,
旬阳,XUY,18
向阳,XDB,16:30
旬阳北,XBY,18
兴业,SNZ,17:30
小雨谷,XHM,15
兴义,XRZ,17:30
新沂,VIH,17:30
信宜,EEQ,14
小月旧,XFM,
小扬气,XYX,16:30
襄垣,EIF,17
祥云西,EXM,
夏邑县,EJH,17:30
新友谊,EYB,16:30
新阳镇,XZJ,11:30
徐州东,UUH,17:30
新帐房,XZX,
襄州,XWN,16
忻州,XXV,15
新肇,XZT,16:30
悬钟,XRP,
汐子,XZD,16:30
西哲里木,XRD,16:30
新杖子,ERP,16
依安,YAX,16:30
姚安,YAC,
永安,YAS,18
永安乡,YNB,16:30
亚布力,YBB,16:30
元宝山,YUD,16:30
羊草,YAB,16:30
秧草地,YKM,
叶城,YER,09
盐池,YKJ,11:30
砚川,YYY,18
阳春,YQQ,14
阳澄湖,AIH,16
应城,YHN,18
宜城,YIN,18
郓城,YPK,18
晏城,YEK,18
禹城,YCK,18
阳岔,YAL,16:30
迎春,YYB,16:30
阳城,YNF,17:30
雁翅,YAP,
云彩岭,ACP,
虞城县,IXH,17:30
营城子,YCT,16:30
英德,YDQ,14
永登,YDJ,11:30
永定,YGS,18
尹地,YDM,
阳东,WLQ,14
雁荡山,YGH,09:30
于都,YDG,17:30
园墩,YAJ,
英德西,IIQ,14
永丰营,YYM,
阳高,YOV,15
杨岗,YRB,16:30
阳谷,YIK,18
友好,YOB,16:30
沿河城,YHP,
岩会,AEP,16
羊臼河,YHM,
盐津,AEW,15:30
阳江,WRQ,14
永嘉,URH,09:30
余江,YHG,17:30
燕郊,AJP,16
营街,YAM,
姚家,YAT,16:30
岳家井,YGJ,
一间堡,YJT,16:30
英吉沙,YIR,09
云居寺,AFP,
燕家庄,AZK,
永康,RFH,09:30
营口东,YGT,16:30
永郎,YLW,15:30
银浪,YJX,16:30
宜良北,YSM,15
永乐店,YDY,18
伊拉哈,YLX,16:30
杨陵,YSY,18
伊林,YLB,16:30
杨林,YLM,15
余粮堡,YLD,16:30
杨柳青,YQP,16
月亮田,YUM,15
义马,YMF,17:30
阳明堡,YVV,15
玉门,YXJ,11:30
云梦,YMN,18
元谋,YMM,15
一面山,YST,16:30
沂南,YNK,18
宜耐,YVM,
伊宁东,YNR,09
营盘水,YZJ,
羊堡,ABM,
阳泉北,YPP,16
乐清东,OLH,
焉耆,YSR,09
乐清,UPH,09:30
源迁,AQK,
姚千户屯,YQT,16:30
阳曲,YQV,15
榆树沟,YGP,
榆社,YSV,15
玉石,YSJ,
偃师,YSF,16
月山,YBF,17:30
颍上,YVH,13
沂水,YUK,18
玉舍,AUM,
窑上,ASP,
元氏,YSP,16
杨树岭,YAD,16:30
野三坡,AIP,16
榆树屯,YSX,16:30
榆树台,YUT,16:30
鹰手营子,YIP,16
源潭,YTQ,14
牙屯堡,YTZ,17:30
烟筒山,YSL,16:30
烟筒屯,YUX,16:30
羊尾哨,YWM,
阳西,WMQ,14
越西,YHW,15:30
攸县,YOG,17:30
永修,ACG,17:30
玉溪西,YXM,15
弋阳,YIG,17:30
酉阳,AFW,15:30
余姚,YYH,09:30
岳阳东,YIQ,15:30
阳邑,ARP,16
鸭园,YYL,16:30
鸳鸯镇,YYJ,
燕子砭,YZY,18
宜州,YSZ,17:30
仪征,UZH,
兖州,YZK,18
迤资,YQM,
羊者窝,AEM,
杨杖子,YZD,16:30
镇安,ZEY,18
治安,ZAD,16:30
招柏,ZBP,
张百湾,ZUP,
中川机场,ZJJ,
子长,ZHY,18
枝城,ZCN,18
邹城,ZIK,18
诸城,ZQK,18
赵城,ZCV,15
章党,ZHT,16:30
正定,ZDP,16
肇东,ZDB,16:30
照福铺,ZFM,
章古台,ZGD,16:30
赵光,ZGB,16:30
中和,ZHX,
中华门,VNH,
枝江北,ZIN,18
钟家村,ZJY,18
朱家沟,ZUB,16:30
紫荆关,ZYP,
诸暨,ZDH,12
周家,ZOB,16:30
镇江南,ZEH,17
周家屯,ZOD,16:30
褚家湾,CWJ,
湛江西,ZWQ,14
朱家窑,ZUJ,
张兰,ZLV,15
镇赉,ZLT,16:30
枣林,ZIV,15
扎鲁特,ZLD,16:30
扎赉诺尔西,ZXX,16:30
樟木头,ZOQ,14
中牟,ZGF,
中宁东,ZDJ,11:30
中宁,VNJ,11:30
中宁南,ZNJ,
镇平,ZPF,17:30
漳平,ZPS,18
泽普,ZPR,09
张桥,ZQY,18
枣强,ZVP,16
章丘,ZTK,18
朱日和,ZRC,15
泽润里,ZLM,
中山北,ZGQ,14
樟树东,ZOG,17:30
柞水,ZSY,18
中山,ZSQ,14
樟树,ZSG,17:30
珠斯花,ZHD,16:30
钟山,ZSZ,
珠窝,ZOP,
张维屯,ZWB,16:30
彰武,ZWD,16:30
资溪,ZXS,17:30
钟祥,ZTN,18
镇西,ZVT,16:30
棕溪,ZOY,18
张辛,ZIP,
正镶白旗,ZXC,15
紫阳,ZVY,18
枣阳,ZYN,17
竹园坝,ZAW,15:30
张掖,ZYJ,11:30
镇远,ZUW,15:30
漳州东,GOS,18
漳州,ZUS,18
子洲,ZZY,18
涿州,ZXP,16
中寨,ZZM,
壮志,ZUX,
咋子,ZAL,16:30
卓资山,ZZC,15
株洲西,ZAQ,15:30
郑州西,XPF,14
阿巴嘎旗,AQC,15
阿城北,ABB,09
阿尔山北,ARX,16
安江东,ADA,17
安吉,AJU,09:30
安匠,MJP,16
阿克塞,AKJ,11:30
阿勒泰,AUR,09
安陆西,AXN,18
安仁,ARG,17:30
安顺西,ASE,15:30
安图西,AXL,16:30
安亭西,AXU,14:30
安阳东,ADF,12
博白,BBZ,17:30
八步,BBE,15:30
栟茶,FWH,17
八达岭长城,VLP,16
保定东,BMP,16
八方山,FGQ,17:30
白沟,FEP,16
滨海,YKP,16
滨海北,FCP,16
滨海港,BGU,17:30
滨海西,FHP,16
毕节,BOE,15:30
宝鸡南,BBY,12
北京大兴,IPP,16
北京朝阳,IFP,10
北井子,BRT,16:30
博乐,BER,09
八里甸子,BLT,
白马北,BME,
白马井,BFQ,13:30
北票,BPT,
宝清,BUB,16:30
璧山,FZW,15:30
白沙铺,BSN,18
白水县,BGY,18
板塘,NGQ,15
巴图营,BWT,
白文东,BCV,15
宾西北,BBB,09
本溪新城,BVT,16:30
步行街,BWW,15:30
宾阳,UKZ,17:30
白云北,BVE,15:30
白云机场北,BBA,14
白洋淀,FWP,16
宝应,BAU,17
百宜,FHW,15:30
白音华南,BOD,16:30
霸州北,VPP,16
巴中东,BDE,15:30
彬州东,BFY,18
滨州,BIK,18
彬州,BXY,18
宾州,BZB,09
亳州南,BNU,13
霸州西,FOP,16
长安,CAA,14
长安西,CXA,14
澄城,CUY,18
承德县北,IYP,16
成  都东,WEI,
承德南,IVP,16
曹妃甸东,POP,16
曹妃甸港,PGP,16
城固北,CBY,18
长葛北,CGF,13
查干湖,VAT,16:30
巢湖东,GUH,12:30
从江,KNW,
陈江南,KKQ,
蔡家崖,EBV,15
茶卡,CVO,15
长乐东,CIS,18
长乐,CAS,18
长临河,FVH,12:30
长流,CLA,13:30
茶陵南,CNG,17:30
长乐南,CVS,18
长宁,CNE,15:30
常平东,FQQ,14
常平南,FPQ,14
重  庆北,WAI,
长箐,CQE,15:30
长庆桥,CQJ,11:30
重  庆西,WWI,
长寿北,COW,15:30
长寿湖,CSE,15:30
潮汕,CBQ,14
常山,CSU,12
常熟,CAU,16
长沙西,RXQ,17:30
朝天,CTE,15:30
长汀南,CNS,
长武,CWY,18
长兴,CBH,09:30
楚雄,CUM,15
苍溪,CXE,15:30
城西,CIA,13:30
潮阳,CNQ,14
长阳,CYN,18
朝阳湖,CYE,15:30
昌邑,CRK,16:30
长治东,CUF,17
陈庄,CZY,18
崇州,CZE,15:30
长治南,CAF,17
城子坦,CWT,16:30
东安东,DCZ,17:30
德保,RBZ,17:30
东岔,DCJ,11:30
都昌,DCG,17:30
东城南,IYQ,14
东戴河,RDD,16:30
丹东西,RWT,16:30
东二道河,DRB,16:30
大方,DFE,15:30
大丰,KRQ,15
大方南,DNE,15:30
东港北,RGT,16:30
东莞港,DGA,14
大港南,DNU,17
大孤山,RMT,16:30
东莞,RTQ,08:30
东莞西,WGQ,14
东花园北,QBP,16
鼎湖东,UWQ,14
鼎湖山,NVQ,14
垫江,DJE,15:30
道滘,RRQ,14
洞井,FWQ,15
丹江口,DON,18
董家口,DTK,18
大苴,DIM,
洞口,DKA,17
达连河,DCB,09
大荔,DNY,18
大朗镇,KOQ,14
得莫利,DTB,09
大青沟,DSD,16:30
德清,DRH,09:30
杜桥,DQU,
东胜东,RSC,15
大石头南,DAL,16:30
砀山南,PRH,17:30
当涂东,OWH,10
大同南,DMV,13:30
大通西,DTO,15
大旺,WWQ,14
定西北,DNJ,11:30
大兴机场,IWP,16
德兴东,DDG,17:30
德兴,DWG,17:30
丹霞山,IRQ,14
大阳,RET,
大冶北,DBN,18
都匀东,KJW,15:30
大邑,DEE,15:30
东营南,DOK,18
大余,DYG,17:30
邓州东,DDF,17
定州东,DOP,16
端州,WZQ,14
大足南,FQW,15:30
额敏,EMR,09
峨眉山,IXW,15:30
阿房宫,EGY,18
峨山,EVM,
鄂州东,EFN,18
防城港北,FBZ,17:30
丰城东,FIG,17:30
凤城东,FDT,16:30
富川,FDZ,17:30
方城,FNF,17
繁昌西,PUH,10
丰都,FUW,15:30
扶沟南,FGF,13
福海西,FHA,14
涪陵北,FEW,15:30
枫林,FLN,18
阜宁东,FDU,17:30
富宁,FNM,15
阜宁南,FNU,17
富平,FPY,
佛坪,FUY,18
法启,FQE,15:30
芙蓉南,KCQ,15
丰顺东,FDA,14
复盛,FAW,15:30
富顺,FSE,
抚松,FSL,16:30
佛山西,FOQ,14
福山镇,FZQ,13:30
福田,NZQ,14
凤台南,FTU,13
费县北,FBK,16
阜新,FOT,15:30
富阳,FYU,10:30
富源北,FBM,15
富蕴,FYR,09
抚远,FYB,16:30
阜阳西,FXU,13
抚州东,FDG,17:30
抚州,FZG,17:30
福  州,GAI,
方正,FNB,09
福州 南,FXS,16
固安东,GQP,16
高安,GCG,17:30
广安南,VUW,15
贵安,GAE,15:30
高碑店东,GMP,16
古北口,GKP,16
谷城北,GBN,18
古城东,GUU,13
恭城,GCZ,17:30
藁城南,GUP,16
贵定北,FMW,15:30
广德南,GNU,10
葛店南,GNN,18
贵定县,KIW,
岗嘎,GAO,
贡嘎,GGO,
广汉北,GVW,15:30
高花,HGD,16:30
个旧,JJM,15
革居,GEM,
橄榄坝,GVM,
高楞,GLB,09
关岭,GLE,15:30
桂林西,GEZ,17
高密北,GVK,18
光明城,IMQ,14
灌南,GIU,17:30
广宁,FBQ,14
广宁寺,GQT,16:30
广南县,GXM,15
高平东,GVF,17
桂平,GAZ,17:30
高坪,GGN,18
广平,GPP,16
弓棚子,GPT,16:30
赶水东,GDE,15:30
光山,GUN,18
谷山,FFQ,17:30
观沙岭,FKQ,17:30
古田北,GBS,18
广通北,GPM,15
高台南,GAJ,11:30
古田会址,STS,
赣县北,GIG,15:30
高兴,VWW,15:30
高邮北,GEU,17
贵  阳北,WNI,
贵阳北,KQW,10
观音机场,GCU,17:30
贵阳东,KEW,10
高邮,GAU,17
赣榆,GYU,17:30
灌云,GOU,17:30
高邑西,GNP,16
冠豸山,GPS,18
赣州西,GOG,15:30
淮安东,HAU,17
惠安,HNS,18
怀安,QAP,16
惠安堡,KBJ,11:30
淮北北,PLH,18
鹤壁东,HFF,17:30
花博山,KBT,
寒葱沟,HKB,16:30
珲春,HUL,16:30
霍城,SER,10
花城街,HCA,14
河东机场,HFJ,11:30
邯郸东,HPP,14:30
横道河子东,KUX,09
海东,LVO,
惠东,KDQ,14
哈达铺,HDJ,11:30
花都,HAA,14
海东西,HDO,15
洪洞西,HTV,15
哈尔滨北,HTB,10
合肥北城,COH,12:30
合肥南,ENH,12:30
合肥 南,HAI,
黄冈,KGN,18
黄冈东,KAN,18
横沟桥东,HNN,18
黄冈西,KXN,18
洪河,HPB,16:30
怀化南,KAQ,17:30
黄河景区,HCF,08
惠环,KHQ,14
花湖,KHN,18
后湖,IHN,18
怀集,FAQ,14
厚街,HJA,14
河口北,HBM,15
宏克力,OKB,09
怀来,VQP,16
海林北,KBX,09
黄流,KLQ,13:30
黄陵南,VLY,18
虎门北,HBA,14
虎门东,HDA,14
鲘门,KMQ,14
海门,HMU,17
虎门,IUQ,14
洪梅,HMA,14
侯马西,HPV,15
衡南,HNG,17:30
淮南东,HOH,13
化念,HDM,
淮南南,HNU,13
合浦,HVZ,17:30
横琴北,HOA,14
霍邱,FBH,13
横琴,HQA,14
华容东,HPN,18
怀仁东,HFV,15
华容南,KRN,18
怀柔南,IMP,16
红寺堡北,HEJ,11:30
黄山北,NYH,10
黄石北,KSN,18
衡水北,IHP,16
黑山北,HQT,
贺胜桥东,HLN,18
和硕,VUR,09
华山,HGY,18
含山南,HSU,10
花山南,KNN,18
黑山寺,HVP,16
花山镇,HZA,14
荷塘,KXQ,15
黄桶北,HBE,15:30
黄土店,HKP,16
花土沟,HTO,15
环县,KXJ,11:30
合阳北,HTY,18
海阳北,HEK,10:30
槐荫,IYN,18
鄠邑,KXY,18
花园口,HYT,16:30
淮阳南,HVF,13
霍州东,HWV,15
华州,HXY,
壶镇,HUU,
惠州南,KNQ,14
建安,JUL,16:30
吉安西,JIG,15:30
晋城东,JGF,17
加查,JIO,
泾川,JAJ,11:30
碱厂,JUT,
景德镇北,JDG,17
旌德,NSH,10
建德,JDU,10:30
尖峰,PFQ,13:30
近海,JHD,16:30
蛟河西,JOL,16:30
军粮城北,JMP,16
将乐,JLS,18
贾鲁河,JLF,13
九郎山,KJQ,15
即墨北,JVK,10:30
剑门关,JME,15:30
佳木斯西,JUB,09
建宁县北,JCS,18
莒南北,VNK,16
济南东,MDK,14
江宁,JJH,17
建宁南,JQS,
江宁西,OKH,17
建瓯东,JZS,18
建瓯西,JUS,18
建平,JAD,16:30
建桥,JQA,14
酒泉南,JNJ,11:30
句容西,JWH,17
建水,JSM,15
尖山,JPQ,17:30
界首南,JKU,13
界首市,JUN,18
吉水西,JSG,17:30
绩溪北,NRH,10
介休东,JDV,15
泾县,LOH,10
靖西,JMZ,
郏县,JXF,13
进贤南,JXG,17:30
揭阳,JYA,14
江油北,JBE,15:30
揭阳机场,JUA,14
嘉峪关南,JBJ,10:30
简阳南,JOW,15:30
金银潭,JTN,18
靖宇,JYL,16:30
金月湾,PYQ,13:30
缙云西,PYH,12
锦州北,JFT,
晋中,JZV,15
景州,JEP,16
焦作西,JIF,17:30
库尔木依,VPR,09
开封北,KBF,15
开福寺,FLQ,17:30
开化,KHU,12
凯里南,QKW,15:30
库伦,KLD,16:30
昆明南,KOM,14:30
葵潭,KTQ,14
开阳,KVW,15:30
昆玉,ESR,09
喀左,KZT,
隆安东,IDZ,17:30
冷坝,LBE,15:30
来宾北,UCZ,17:30
灵璧,GMH,18
寮步,LTQ,14
绿博园,LCF,08
临沧,LXM,15
隆昌北,NWW,
乐昌东,ILQ,14:30
罗城,VCZ,17:30
陵城,LGK,18
临城,UUP,16
老城镇,ACQ,13:30
龙洞堡,FVW,15:30
娄底南,UOQ,17:30
乐东,UQQ,13:30
离堆公园,INW,15:30
娄烦,USV,15
陆丰,LLQ,14
来凤,LFA,16:30
龙丰,KFQ,14
禄丰南,LQM,15
临汾西,LXV,12
临高南,KGQ,13:30
麓谷,BNQ,17:30
滦河,UDP,16
珞璜南,LNE,15:30
临海南,LHU,
凌海南,UNT,
隆回,LHA,17
漯河西,LBN,16:30
罗江东,IKW,15:30
柳江,UQZ,17:30
利津南,LNK,18
庐江西,LUU,12:30
厉家寨,UPK,16
兰考南,LUF,15
龙口市,UKK,18
龙里北,KFW,
沥林北,KBQ,14
兰陵北,COK,18
醴陵东,UKQ,17:30
芦庙,LMU,13
陇南,INJ,11:30
辽宁朝阳,VET,16:30
六盘水东,LDE,13:30
梁平南,LPE,15:30
龙桥,LQU,12:30
礼泉南,UNY,18
龙泉市,LVU,12
礼泉,LGY,18
临泉,LOU,13
龙山北,LBA,16:30
灵石东,UDV,15
乐山,IVW,15:30
龙市,LAG,17:30
涟水,LIU,17
溧水,LDH,17
娄山关南,LSE,15:30
岚山西,UWK,08:30
乐同,LEA,14
龙塘镇,LVB,14
灵武北,UWJ,11:30
洛湾三江,KRW,15:30
朗县,LIO,
岚县,UXV,15
泸县,LXE,
莱西,LBK,10:30
郎溪南,LXU,10
溧阳,LEH,17
临沂北,UMK,16
临  沂北,III,
临邑,LUK,18
柳园南,LNR,09
龙游南,LYU,12
鹿寨北,LSZ,17:30
临淄北,UEK,18
林芝,LZO,
泸州,LUE,
阆中,LZE,15:30
临泽南,LDJ,
六枝南,LOE,15:30
马鞍山东,OMH,10
毛陈,MHN,18
帽儿山西,MUB,09
明港东,MDN,18
磨憨,MHM,
民和南,MNO,15
墨江,MJM,
闵集,MJN,18
马兰,MLR,09
米兰,MIR,09
勐腊,MWM,
弥勒,MLM,15
民乐,MBJ,11:30
米林,MIO,
玛纳斯,MSR,09
牟平,MBK,10:30
民权北,MIF,15
闽清北,MBS,18
眉山东,IUW,15:30
名山,MSE,15:30
蒙山,MOK,16
庙山,MSN,18
眉县东,CXY,
岷县,MXJ,11:30
米易东,MDE,15:30
门源,MYO,15
暮云,KIQ,15
密云,MYP,16
蒙自北,MBM,15
孟庄,MZF,13
蒙自,MZM,15
梅州西,MXA,14
南部,NBE,15:30
南曹,NEF,13
南充北,NCE,08:30
牛车河,NHA,16:30
南城,NDG,17:30
宁城,NCD,16:30
南 昌,NOG,
南昌西,NXG,09:30
宁东南,NDJ,11:30
宁东,NOJ,11:30
宁都,NIG,
宁洱,NEM,
南芬北,NUT,16:30
南丰,NFG,17:30
南湖东,NDN,18
牛河梁,LKT,
南华,NAM,15
宁化,NHS,
内江北,NKW,13
内江东,NDE,
南江,FIW,15:30
南江口,NDQ,14
奈林皋,NGT,
南陵,LLH,10
牛栏山,NLP,16
尼木,NMO,15
南宁东,NFZ,15
南宁西,NXZ,17:30
南堡北,TLP,16
南平市,NOS,18
宁强南,NOY,18
南通西,NXU,17
宁县,AXJ,11:30
泥溪,NIE,15:30
南雄,NCQ,14
南阳东,NOF,17
纳雍,NYE,15:30
南阳寨,NYF,08
磐安南,PNU,
普安,PAN,18
普安县,PUE,15:30
屏边,PBM,15
平坝南,PBE,15:30
平昌,PCE,15:30
普定,PGW,15:30
平度,PNK,18
平顶山西,PDF,15:30
平度西,PAK,18
普洱,PEM,
蒲江,PJE,15:30
皮口,PUT,16:30
盘龙城,PNN,18
蓬莱市,POK,18
屏南,PNS,18
普宁,PEQ,14
平南南,PAZ,17:30
平泉北,PBP,16
彭山北,PPW,15:30
蒲石,PSY,18
屏山,PSE,15:30
坪上,PSK,18
盘山,PUD,16:30
平潭,PIS,18
萍乡北,PBG,09
濮阳,PYF,12
鄱阳,PYG,17:30
平遥古城,PDV,15
平原东,PUK,18
邳州东,PIU,17:30
普者黑,PZM,15
盘州,PAE,15:30
平庄,PAD,16:30
彭州,PMW,15:30
攀枝花南,PNE,14:30
彭州南,PKW,15:30
秦安,QGJ,11:30
青白江东,QFW,15:30
庆城,QHJ,11:30
清城,QCA,14
青川,QCE,15:30
青岛北,QHK,09:30
青  岛北,KAI,
青岛机场,QJK,
千岛湖,QDU,10:30
启东,QOU,17
祁东,QMQ,17:30
青堆,QET,16:30
青岛西,QUK,18
前锋,QFB,16:30
清河门北,QBD,16:30
齐河,QIK,18
曲靖北,QBM,15
綦江东,QDE,15:30
曲江,QIM,
邛崃,QLE,15:30
青莲,QEW,15:30
清流,QLS,
齐齐哈尔南,QNB,09
清水北,QEJ,11:30
青神,QVW,15:30
岐山,QAY,18
庆盛,QSQ,14
清水县,QIJ,11:30
曲水县,QSO,15
犍为,JWE,15:30
祁县东,QGV,15
黔西,QXE,15:30
乾县,QBY,18
旗下营南,QNC,15
庆阳,QOJ,11:30
祁阳,QWQ,17:30
庆元,QYU,12
青州市北,QOK,18
乔庄东,QEP,16
曲子,QJJ,11:30
全州南,QNZ,17:30
棋子湾,QZQ,13:30
清镇西,QUE,15:30
仁布,RUO,15
荣昌北,RQW,15:30
荣成,RCK,10:30
瑞昌西,RXG,17:30
如东,RIH,17
如皋南,RNU,17
榕江,RVW,
日喀则,RKO,15
饶平,RVQ,14
若羌,RQR,09
日照西,KZK,08:30
肃北,SBJ,11:30
舒城东,SDU,12:30
石城东,SDG,
遂昌,SCU,12
宋城路,SFF,08
山丹马场,JEJ,
三道湖,SDL,16:30
邵东,FIQ,17:30
三都县,KKW,
胜芳,SUP,16
双峰北,NFQ,17:30
商河,SOK,18
泗洪,GQH,17
双河市,OHR,09
四会,AHQ,14
畲江北,SOA,14
石家庄东,SXP,16
三江南,SWZ,17:30
沙井西,SJA,14
三井子,OJT,16:30
四棵树,SIR,09
双流机场,IPW,15:30
双龙湖,OHB,09
狮岭,SLA,14
石林西,SYM,15
双流西,IQW,
胜利镇,OLB,09
三明北,SHS,18
三明,SVS,18
嵩明,SVM,15
树木岭,FMQ,15
神木,HMY,17:30
山南,SAO,
睢宁,SNU,17:30
苏尼特左旗,ONC,15
石牌,SPQ,11:30
山坡东,SBN,18
沈丘北,SKF,13
商丘东,SIF,15
宿迁,SQU,17
石桥,SQE,15:30
沈丘,SQN,18
桑日,SRO,
鄯善北,SMR,09
狮山北,NSQ,14
三水北,ARQ,14
松山湖北,KUQ,14
狮山,KSQ,14
三水南,RNQ,14
韶山南,INQ,17:30
泗水南,ONK,18
三穗,QHW,15:30
石梯,STE,15:30
汕尾,OGQ,14
绍兴北,SLH,09:30
歙县北,NPH,10
绍兴东,SSH,09:30
松溪,SIS,18
寿县,SOU,13
泗县,GPH,18
始兴,IPQ,14
随县,OVN,17
水茜,SSS,
泗阳,MPH,17
松阳,SUU,12
双洋,SQS,18
三阳,SYU,10
射阳,SAU,17:30
双阳,OYT,16:30
邵阳北,OVQ,17:30
松原北,OCT,16:30
十堰东,OUN,15
山阴,SNV,15
邵阳西,SXA,17
顺义西,IKP,16
沈阳西,OOT,
深圳机场北,SBA,14
深圳北,IOQ,09
深圳机场,SCA,14
神州,SRQ,13:30
桑植,SZA,16:30
十字门,SIA,14
随州南,ONN,17
尚志南,OZB,09
石嘴山,QQJ,11:30
深圳坪山,IFQ,14
石柱县,OSW,15:30
台安南,TAD,16:30
太仓,TCU,16
桃村北,TOK,10:30
铜川东,TCY,
桐城东,TOU,12:30
铁厂沟,TJR,09
塔城,TZR,09
桐城南,TUU,12:30
太仓南,TNU,16
铁刹山,PST,
田东北,TBZ,17:30
土地堂东,TTN,18
太谷东,TEV,15
铁干里克,VAR,09
太谷西,TIV,15
吐哈,THR,09
通海,TAM,15
太和北,JYN,18
天河机场,TJN,18
太和东,TDU,13
天河街,TEN,18
唐海南,IEP,16
通化县,TXL,16:30
同江,TJB,16:30
托克托东,TVC,15
铜陵北,KXH,10
吐鲁番北,TAR,09
桐庐,TLU,10:30
头门港,TMU,
图木舒克,TMR,09
泰宁,TNS,18
铜仁南,TNW,15:30
甜水堡,TUJ,11:30
天水南,TIJ,11:30
通渭,TWJ,11:30
田心东,KQQ,15
汤逊湖,THN,18
藤县,TAZ,17:30
太原南,TNV,14
桃源,TYA,16:30
通远堡西,TST,16:30
桐梓北,TBE,15:30
太子城,IZP,16
桐梓东,TDE,15:30
通州,TOP,
万安县,WAG,17:30
吴川,WAQ,14
文登东,WGK,10:30
武当山西,WWN,18
潍坊北,WJK,16:30
五府山,WFG,17:30
威虎岭北,WBL,
芜湖北,WBU,10
威海北,WHK,10:30
芜湖南,RVH,10
苇河西,WIB,09
温江,WJE,15:30
魏家泉,WJR,09
乌兰察布,WPC,15
五龙背东,WMT,16:30
乌龙泉南,WFN,18
卧龙寺,WLY,
乌兰木图,VLT,
望牛墩,WNA,14
五女山,WET,16:30
渭南西,WXY,18
巍山,WOM,15
武胜,WSE,15:30
乌审旗,WGC,15
乌苏,WSR,09
五通,WTZ,18
无为,IIH,12:30
无为南,WWU,12:30
瓦屋山,WAH,17
威信,WXE,15:30
武乡,WUV,15
闻喜西,WOV,15
武夷山北,WBS,18
武义北,WDH,12
婺源,WYG,17:30
渭源,WEJ,11:30
湾仔,WZA,14
万州北,WZE,15
湾仔北,WBA,14
吴忠,WVJ,11:30
武陟,WIF,08
梧州南,WBZ,17:30
湾沚南,WNU,10
兴安北,XDZ,17:30
雄安,IQP,16
许昌北,EBF,13
许昌东,XVF,13
项城,ERN,18
新都东,EWW,15:30
西渡,XDA,16
咸丰,XFA,16:30
西丰,XFT,16:30
先锋,NQQ,15
湘府路,FVQ,15
襄汾西,XTV,15
孝感北,XJN,18
新干东,XGG,17:30
孝感东,GDN,18
兴国西,XIG,17:30
夏格庄,XZK,10:30
兴和北,EBC,15
宣化北,VJP,16
下花园北,OKP,16
西湖东,WDQ,14
新化南,EJQ,17:30
西华,EHF,13
新晃西,EWQ,17:30
新津,IRW,15:30
小金口,NKQ,14
仙居南,XNU,
新津南,ITW,
辛集南,IJP,16
西来,XLE,15:30
兴隆县西,IRP,16
新民北,XOT,
厦 门,EMS,15
咸宁东,XKN,18
咸宁南,UNN,18
溆浦南,EMQ,17:30
西平西,EGQ,14
西双版纳,ENM,
响水县,XSU,17:30
仙桃,VTN,18
湘潭北,EDQ,17:30
邢台东,EDP,16
新塘南,NUQ,14
小湾东,XNM,
兴文,XNE,15:30
西乌旗,XWD,16:30
修武西,EXF,08
修文县,XWE,15:30
萧县北,QSH,17:30
新香坊北,RHB,09
新乡东,EGF,12
萧县,EOH,18
岫岩,XXT,16:30
新余北,XBG,17:30
咸阳北,EBY,18
西阳村,XQF,
信阳东,OYN,15
襄阳东,EKN,16
襄垣东,EAF,17
秀英,XYA,13:30
新沂南,XYU,17:30
仙游,XWS,18
祥云,XQM,15
咸阳西,XOY,
新郑机场,EZF,08
香樟路,FNQ,15
忻州西,IXV,15
雅安,YAE,15:30
永安南,YQS,18
盐边,YBE,15:30
迎宾路,YFW,15:30
宜宾西,YXE,15:30
亚布力西,YSB,09
永城北,RGH,17:30
盐城北,AEH,17
运城北,ABV,12
永川东,WMW,15:30
禹城东,YSK,18
盐城大丰,YFU,17
宜春,YEG,09
岳池,AWW,15:30
于都北,YYG,
云东海,NAQ,14
姚渡,AOJ,11:30
云浮东,IXQ,14
永福南,YBZ,17:30
雨格,VTM,15
阳高南,AGV,15
洋河,GTH,17
永济北,AJV,15
元江,AJM,
延吉西,YXL,15:30
英库勒,YLR,09
永康南,QUH,12
依兰,YEB,09
运粮河,YEF,13
尉犁,WRR,09
炎陵,YAG,17:30
鄢陵,YIF,13
杨陵南,YEY,18
羊马,YME,15:30
一面坡北,YXB,09
云梦东,YRN,18
伊敏,YMX,16
元谋西,AMM,15
郁南,YKQ,14
云南驿,ANM,15
延平东,ADS,18
延平,YPS,18
银瓶,KPQ,14
延平西,YWS,18
原平西,IPV,15
阳泉东,AYP,16
雁栖湖,FGP,16
杨桥,YQA,17:30
阳曲西,IQV,15
永仁,ARM,15
颍上北,YBU,13
永寿,ASY,18
阳朔,YCZ,17:30
云山,KZQ,14
玉山南,YGG,17:30
雁石南,YMS,18
榆社西,AXV,15
永寿西,AUY,18
银滩,CTQ,13:30
永泰,YTS,18
鹰潭北,YKG,17:30
依吞布拉克,YVR,09
烟台南,YLK,10:30
伊通,YTL,16:30
烟台西,YTK,10:30
野象谷,AGM,
云霄,YBS,18
云县,AIM,15
玉溪,AXM,15
阳信,YVK,18
尤溪,YXS,18
宜兴,YUH,17
应县,YZV,15
攸县南,YXG,17:30
洋县西,YXY,18
义县西,YSD,16:30
余姚北,CTH,09:30
杨源,AYS,
扬州东,YDU,17
银盏,YZA,14
耀州,YOY,
禹州,YZF,13
榆中,IZJ,11:30
诏安,ZDS,18
淄博北,ZRK,16:30
正定机场,ZHP,16
准东,ZER,09
纸坊东,ZMN,18
柘皋,ZGU,12:30
准格尔,ZEC,15
自贡,ZGE,15:30
庄河北,ZUT,16:30
政和,ZES,18
珠海长隆,ZLA,14
昭化,ZHW,12:30
织金北,ZJE,15:30
张家川,ZIJ,11:30
张家港,ZAU,16
织金,IZW,15:30
治江,ZIY,
芷江,ZPQ,17:30
张家口南,IXP,16
张家界西,JXA,16:30
周口东,ZKF,13
曾口,ZKE,15:30
庄里,ZLY,
珠琳,ZOM,15
左岭,ZSN,18
樟木头东,ZRQ,14
驻马店西,ZLN,15:30
扎囊,ZNO,
周宁,ZNS,18
邹平,ZLK,18
漳浦,ZCS,18
漳平西,ZXG,18
章丘北,ZVK,18
肇庆东,FCQ,14
庄桥,ZQH,09:30
昭山,KWQ,15
钟山西,ZAZ,17:30
朱砂古镇,ZSE,15:30
中堂,ZTA,14
支提山,ZIS,18
中卫南,ZTJ,11:30
漳县,ZXJ,11:30
镇雄,ZXE,15:30
资阳北,FYW,15:30
遵义,ZYE,13:30
遵义南,ZNE,15:30
张掖西,ZEJ,11:30
资中北,WZW,15:30
卓资东,ZDC,15
枣庄东,ZNK,18
涿州东,ZAP,16
郑州东,ZAF,14
株洲南,KVQ,15
唐山南,TNP,
古冶,GYP,
香港红磡,JQO,
九龙,JQO,
金山卫,BGH,
梅江,MKQ,
元龙,YLY,
南山北,NBQ,
车墩,MIH,
羊木,AMJ,
